{"ui/shoot":{"x":0.0078125,"y":0.0078125,"w":0.078125,"h":0.078125},"ui/respawn":{"x":0.1015625,"y":0.0078125,"w":0.078125,"h":0.078125},"ui/reload":{"x":0.1953125,"y":0.0078125,"w":0.078125,"h":0.078125},"ui/mine":{"x":0.2890625,"y":0.0078125,"w":0.078125,"h":0.078125},"ui/chat":{"x":0.3828125,"y":0.0078125,"w":0.078125,"h":0.078125},"blocks/trophephngold/top-bottom-walls":{"x":0.4765625,"y":0.0078125,"w":0.0625,"h":0.0625},"blocks/trophephngold/left-right-walls":{"x":0.5546875,"y":0.0078125,"w":0.0625,"h":0.0625},"blocks/trophephngold/all-walls":{"x":0.6328125,"y":0.0078125,"w":0.0625,"h":0.0625},"blocks/trophephngold/all-sides":{"x":0.7109375,"y":0.0078125,"w":0.0625,"h":0.0625},"blocks/trophephngold/all-corners":{"x":0.7890625,"y":0.0078125,"w":0.0625,"h":0.0625},"blocks/stone/top-bottom-walls":{"x":0.8671875,"y":0.0078125,"w":0.0625,"h":0.0625},"blocks/stone/left-right-walls":{"x":0.0078125,"y":0.1015625,"w":0.0625,"h":0.0625},"blocks/stone/all-walls":{"x":0.0078125,"y":0.1796875,"w":0.0625,"h":0.0625},"blocks/stone/all-sides":{"x":0.0078125,"y":0.2578125,"w":0.0625,"h":0.0625},"blocks/stone/all-corners":{"x":0.0078125,"y":0.3359375,"w":0.0625,"h":0.0625},"blast/blast3":{"x":0.0078125,"y":0.4140625,"w":0.0625,"h":0.0625},"blast/blast2":{"x":0.0078125,"y":0.4921875,"w":0.0625,"h":0.0625},"blast/blast1":{"x":0.0078125,"y":0.5703125,"w":0.0625,"h":0.0625},"blocks/wood/variant-9/top-bottom-walls":{"x":0.0078125,"y":0.6484375,"w":0.05859375,"h":0.05859375},"blocks/wood/variant-9/left-right-walls":{"x":0.0078125,"y":0.72265625,"w":0.05859375,"h":0.05859375},"blocks/wood/variant-9/all-walls":{"x":0.0078125,"y":0.796875,"w":0.05859375,"h":0.05859375},"blocks/wood/variant-9/all-sides":{"x":0.0078125,"y":0.87109375,"w":0.05859375,"h":0.05859375},"blocks/wood/variant-9/all-corners":{"x":0.0859375,"y":0.1015625,"w":0.05859375,"h":0.05859375},"blocks/wood/variant-8/top-bottom-walls":{"x":0.0859375,"y":0.17578125,"w":0.05859375,"h":0.05859375},"blocks/wood/variant-8/left-right-walls":{"x":0.0859375,"y":0.25,"w":0.05859375,"h":0.05859375},"blocks/wood/variant-8/all-walls":{"x":0.0859375,"y":0.32421875,"w":0.05859375,"h":0.05859375},"blocks/wood/variant-8/all-sides":{"x":0.0859375,"y":0.3984375,"w":0.05859375,"h":0.05859375},"blocks/wood/variant-8/all-corners":{"x":0.0859375,"y":0.47265625,"w":0.05859375,"h":0.05859375},"blocks/wood/variant-7/top-bottom-walls":{"x":0.0859375,"y":0.546875,"w":0.05859375,"h":0.05859375},"blocks/wood/variant-7/left-right-walls":{"x":0.0859375,"y":0.62109375,"w":0.05859375,"h":0.05859375},"blocks/wood/variant-7/all-walls":{"x":0.0859375,"y":0.6953125,"w":0.05859375,"h":0.05859375},"blocks/wood/variant-7/all-sides":{"x":0.0859375,"y":0.76953125,"w":0.05859375,"h":0.05859375},"blocks/wood/variant-7/all-corners":{"x":0.0859375,"y":0.84375,"w":0.05859375,"h":0.05859375},"blocks/wood/variant-6/top-bottom-walls":{"x":0.0859375,"y":0.91796875,"w":0.05859375,"h":0.05859375},"blocks/wood/variant-6/left-right-walls":{"x":0.16015625,"y":0.1015625,"w":0.05859375,"h":0.05859375},"blocks/wood/variant-6/all-walls":{"x":0.234375,"y":0.1015625,"w":0.05859375,"h":0.05859375},"blocks/wood/variant-6/all-sides":{"x":0.30859375,"y":0.1015625,"w":0.05859375,"h":0.05859375},"blocks/wood/variant-6/all-corners":{"x":0.3828125,"y":0.1015625,"w":0.05859375,"h":0.05859375},"blocks/wood/variant-5/top-bottom-walls":{"x":0.45703125,"y":0.1015625,"w":0.05859375,"h":0.05859375},"blocks/wood/variant-5/left-right-walls":{"x":0.53125,"y":0.1015625,"w":0.05859375,"h":0.05859375},"blocks/wood/variant-5/all-walls":{"x":0.60546875,"y":0.1015625,"w":0.05859375,"h":0.05859375},"blocks/wood/variant-5/all-sides":{"x":0.6796875,"y":0.1015625,"w":0.05859375,"h":0.05859375},"blocks/wood/variant-5/all-corners":{"x":0.75390625,"y":0.1015625,"w":0.05859375,"h":0.05859375},"blocks/wood/variant-4/top-bottom-walls":{"x":0.828125,"y":0.1015625,"w":0.05859375,"h":0.05859375},"blocks/wood/variant-4/left-right-walls":{"x":0.90234375,"y":0.1015625,"w":0.05859375,"h":0.05859375},"blocks/wood/variant-4/all-walls":{"x":0.16015625,"y":0.17578125,"w":0.05859375,"h":0.05859375},"blocks/wood/variant-4/all-sides":{"x":0.16015625,"y":0.25,"w":0.05859375,"h":0.05859375},"blocks/wood/variant-4/all-corners":{"x":0.16015625,"y":0.32421875,"w":0.05859375,"h":0.05859375},"blocks/wood/variant-3/top-bottom-walls":{"x":0.16015625,"y":0.3984375,"w":0.05859375,"h":0.05859375},"blocks/wood/variant-3/left-right-walls":{"x":0.16015625,"y":0.47265625,"w":0.05859375,"h":0.05859375},"blocks/wood/variant-3/all-walls":{"x":0.16015625,"y":0.546875,"w":0.05859375,"h":0.05859375},"blocks/wood/variant-3/all-sides":{"x":0.16015625,"y":0.62109375,"w":0.05859375,"h":0.05859375},"blocks/wood/variant-3/all-corners":{"x":0.16015625,"y":0.6953125,"w":0.05859375,"h":0.05859375},"blocks/wood/variant-2/top-bottom-walls":{"x":0.16015625,"y":0.76953125,"w":0.05859375,"h":0.05859375},"blocks/wood/variant-2/left-right-walls":{"x":0.16015625,"y":0.84375,"w":0.05859375,"h":0.05859375},"blocks/wood/variant-2/all-walls":{"x":0.16015625,"y":0.91796875,"w":0.05859375,"h":0.05859375},"blocks/wood/variant-2/all-sides":{"x":0.234375,"y":0.17578125,"w":0.05859375,"h":0.05859375},"blocks/wood/variant-2/all-corners":{"x":0.30859375,"y":0.17578125,"w":0.05859375,"h":0.05859375},"blocks/wood/variant-17/top-bottom-walls":{"x":0.3828125,"y":0.17578125,"w":0.05859375,"h":0.05859375},"blocks/wood/variant-17/left-right-walls":{"x":0.45703125,"y":0.17578125,"w":0.05859375,"h":0.05859375},"blocks/wood/variant-17/all-walls":{"x":0.53125,"y":0.17578125,"w":0.05859375,"h":0.05859375},"blocks/wood/variant-17/all-sides":{"x":0.60546875,"y":0.17578125,"w":0.05859375,"h":0.05859375},"blocks/wood/variant-17/all-corners":{"x":0.6796875,"y":0.17578125,"w":0.05859375,"h":0.05859375},"blocks/wood/variant-16/top-bottom-walls":{"x":0.75390625,"y":0.17578125,"w":0.05859375,"h":0.05859375},"blocks/wood/variant-16/left-right-walls":{"x":0.828125,"y":0.17578125,"w":0.05859375,"h":0.05859375},"blocks/wood/variant-16/all-walls":{"x":0.90234375,"y":0.17578125,"w":0.05859375,"h":0.05859375},"blocks/wood/variant-16/all-sides":{"x":0.234375,"y":0.25,"w":0.05859375,"h":0.05859375},"blocks/wood/variant-16/all-corners":{"x":0.234375,"y":0.32421875,"w":0.05859375,"h":0.05859375},"blocks/wood/variant-15/top-bottom-walls":{"x":0.234375,"y":0.3984375,"w":0.05859375,"h":0.05859375},"blocks/wood/variant-15/left-right-walls":{"x":0.234375,"y":0.47265625,"w":0.05859375,"h":0.05859375},"blocks/wood/variant-15/all-walls":{"x":0.234375,"y":0.546875,"w":0.05859375,"h":0.05859375},"blocks/wood/variant-15/all-sides":{"x":0.234375,"y":0.62109375,"w":0.05859375,"h":0.05859375},"blocks/wood/variant-15/all-corners":{"x":0.234375,"y":0.6953125,"w":0.05859375,"h":0.05859375},"blocks/wood/variant-14/top-bottom-walls":{"x":0.234375,"y":0.76953125,"w":0.05859375,"h":0.05859375},"blocks/wood/variant-14/left-right-walls":{"x":0.234375,"y":0.84375,"w":0.05859375,"h":0.05859375},"blocks/wood/variant-14/all-walls":{"x":0.234375,"y":0.91796875,"w":0.05859375,"h":0.05859375},"blocks/wood/variant-14/all-sides":{"x":0.30859375,"y":0.25,"w":0.05859375,"h":0.05859375},"blocks/wood/variant-14/all-corners":{"x":0.3828125,"y":0.25,"w":0.05859375,"h":0.05859375},"blocks/wood/variant-13/top-bottom-walls":{"x":0.45703125,"y":0.25,"w":0.05859375,"h":0.05859375},"blocks/wood/variant-13/left-right-walls":{"x":0.53125,"y":0.25,"w":0.05859375,"h":0.05859375},"blocks/wood/variant-13/all-walls":{"x":0.60546875,"y":0.25,"w":0.05859375,"h":0.05859375},"blocks/wood/variant-13/all-sides":{"x":0.6796875,"y":0.25,"w":0.05859375,"h":0.05859375},"blocks/wood/variant-13/all-corners":{"x":0.75390625,"y":0.25,"w":0.05859375,"h":0.05859375},"blocks/wood/variant-12/top-bottom-walls":{"x":0.828125,"y":0.25,"w":0.05859375,"h":0.05859375},"blocks/wood/variant-12/left-right-walls":{"x":0.90234375,"y":0.25,"w":0.05859375,"h":0.05859375},"blocks/wood/variant-12/all-walls":{"x":0.30859375,"y":0.32421875,"w":0.05859375,"h":0.05859375},