{"ui/shoot":{"x":0.001953125,"y":0.001953125,"w":0.078125,"h":0.078125},"ui/respawn":{"x":0.083984375,"y":0.001953125,"w":0.078125,"h":0.078125},"ui/reload":{"x":0.166015625,"y":0.001953125,"w":0.078125,"h":0.078125},"ui/mine":{"x":0.248046875,"y":0.001953125,"w":0.078125,"h":0.078125},"ui/chat":{"x":0.330078125,"y":0.001953125,"w":0.078125,"h":0.078125},"blocks/trophephngold/top-bottom-walls":{"x":0.412109375,"y":0.001953125,"w":0.0625,"h":0.0625},"blocks/trophephngold/left-right-walls":{"x":0.478515625,"y":0.001953125,"w":0.0625,"h":0.0625},"blocks/trophephngold/all-walls":{"x":0.544921875,"y":0.001953125,"w":0.0625,"h":0.0625},"blocks/trophephngold/all-sides":{"x":0.611328125,"y":0.001953125,"w":0.0625,"h":0.0625},"blocks/trophephngold/all-corners":{"x":0.677734375,"y":0.001953125,"w":0.0625,"h":0.0625},"blocks/stone/top-bottom-walls":{"x":0.744140625,"y":0.001953125,"w":0.0625,"h":0.0625},"blocks/stone/left-right-walls":{"x":0.810546875,"y":0.001953125,"w":0.0625,"h":0.0625},"blocks/stone/all-walls":{"x":0.876953125,"y":0.001953125,"w":0.0625,"h":0.0625},"blocks/stone/all-sides":{"x":0.001953125,"y":0.083984375,"w":0.0625,"h":0.0625},"blocks/stone/all-corners":{"x":0.001953125,"y":0.150390625,"w":0.0625,"h":0.0625},"blast/blast3":{"x":0.001953125,"y":0.216796875,"w":0.0625,"h":0.0625},"blast/blast2":{"x":0.001953125,"y":0.283203125,"w":0.0625,"h":0.0625},"blast/blast1":{"x":0.001953125,"y":0.349609375,"w":0.0625,"h":0.0625},"blocks/wood/variant-9/top-bottom-walls":{"x":0.001953125,"y":0.416015625,"w":0.05859375,"h":0.05859375},"blocks/wood/variant-9/left-right-walls":{"x":0.001953125,"y":0.478515625,"w":0.05859375,"h":0.05859375},"blocks/wood/variant-9/all-walls":{"x":0.001953125,"y":0.541015625,"w":0.05859375,"h":0.05859375},"blocks/wood/variant-9/all-sides":{"x":0.001953125,"y":0.603515625,"w":0.05859375,"h":0.05859375},"blocks/wood/variant-9/all-corners":{"x":0.001953125,"y":0.666015625,"w":0.05859375,"h":0.05859375},"blocks/wood/variant-8/top-bottom-walls":{"x":0.001953125,"y":0.728515625,"w":0.05859375,"h":0.05859375},"blocks/wood/variant-8/left-right-walls":{"x":0.001953125,"y":0.791015625,"w":0.05859375,"h":0.05859375},"blocks/wood/variant-8/all-walls":{"x":0.001953125,"y":0.853515625,"w":0.05859375,"h":0.05859375},"blocks/wood/variant-8/all-sides":{"x":0.001953125,"y":0.916015625,"w":0.05859375,"h":0.05859375},"blocks/wood/variant-8/all-corners":{"x":0.068359375,"y":0.083984375,"w":0.05859375,"h":0.05859375},"blocks/wood/variant-7/top-bottom-walls":{"x":0.068359375,"y":0.146484375,"w":0.05859375,"h":0.05859375},"blocks/wood/variant-7/left-right-walls":{"x":0.068359375,"y":0.208984375,"w":0.05859375,"h":0.05859375},"blocks/wood/variant-7/all-walls":{"x":0.068359375,"y":0.271484375,"w":0.05859375,"h":0.05859375},"blocks/wood/variant-7/all-sides":{"x":0.068359375,"y":0.333984375,"w":0.05859375,"h":0.05859375},"blocks/wood/variant-7/all-corners":{"x":0.068359375,"y":0.396484375,"w":0.05859375,"h":0.05859375},"blocks/wood/variant-6/top-bottom-walls":{"x":0.068359375,"y":0.458984375,"w":0.05859375,"h":0.05859375},"blocks/wood/variant-6/left-right-walls":{"x":0.068359375,"y":0.521484375,"w":0.05859375,"h":0.05859375},"blocks/wood/variant-6/all-walls":{"x":0.068359375,"y":0.583984375,"w":0.05859375,"h":0.05859375},"blocks/wood/variant-6/all-sides":{"x":0.068359375,"y":0.646484375,"w":0.05859375,"h":0.05859375},"blocks/wood/variant-6/all-corners":{"x":0.068359375,"y":0.708984375,"w":0.05859375,"h":0.05859375},"blocks/wood/variant-5/top-bottom-walls":{"x":0.068359375,"y":0.771484375,"w":0.05859375,"h":0.05859375},"blocks/wood/variant-5/left-right-walls":{"x":0.068359375,"y":0.833984375,"w":0.05859375,"h":0.05859375},"blocks/wood/variant-5/all-walls":{"x":0.068359375,"y":0.896484375,"w":0.05859375,"h":0.05859375},"blocks/wood/variant-5/all-sides":{"x":0.130859375,"y":0.083984375,"w":0.05859375,"h":0.05859375},"blocks/wood/variant-5/all-corners":{"x":0.193359375,"y":0.083984375,"w":0.05859375,"h":0.05859375},"blocks/wood/variant-4/top-bottom-walls":{"x":0.255859375,"y":0.083984375,"w":0.05859375,"h":0.05859375},"blocks/wood/variant-4/left-right-walls":{"x":0.318359375,"y":0.083984375,"w":0.05859375,"h":0.05859375},"blocks/wood/variant-4/all-walls":{"x":0.380859375,"y":0.083984375,"w":0.05859375,"h":0.05859375},"blocks/wood/variant-4/all-sides":{"x":0.443359375,"y":0.083984375,"w":0.05859375,"h":0.05859375},"blocks/wood/variant-4/all-corners":{"x":0.505859375,"y":0.083984375,"w":0.05859375,"h":0.05859375},"blocks/wood/variant-3/top-bottom-walls":{"x":0.568359375,"y":0.083984375,"w":0.05859375,"h":0.05859375},"blocks/wood/variant-3/left-right-walls":{"x":0.630859375,"y":0.083984375,"w":0.05859375,"h":0.05859375},"blocks/wood/variant-3/all-walls":{"x":0.693359375,"y":0.083984375,"w":0.05859375,"h":0.05859375},"blocks/wood/variant-3/all-sides":{"x":0.755859375,"y":0.083984375,"w":0.05859375,"h":0.05859375},"blocks/wood/variant-3/all-corners":{"x":0.818359375,"y":0.083984375,"w":0.05859375,"h":0.05859375},"blocks/wood/variant-2/top-bottom-walls":{"x":0.880859375,"y":0.083984375,"w":0.05859375,"h":0.05859375},"blocks/wood/variant-2/left-right-walls":{"x":0.130859375,"y":0.146484375,"w":0.05859375,"h":0.05859375},"blocks/wood/variant-2/all-walls":{"x":0.130859375,"y":0.208984375,"w":0.05859375,"h":0.05859375},"blocks/wood/variant-2/all-sides":{"x":0.130859375,"y":0.271484375,"w":0.05859375,"h":0.05859375},"blocks/wood/variant-2/all-corners":{"x":0.130859375,"y":0.333984375,"w":0.05859375,"h":0.05859375},"blocks/wood/variant-17/top-bottom-walls":{"x":0.130859375,"y":0.396484375,"w":0.05859375,"h":0.05859375},"blocks/wood/variant-17/left-right-walls":{"x":0.130859375,"y":0.458984375,"w":0.05859375,"h":0.05859375},"blocks/wood/variant-17/all-walls":{"x":0.130859375,"y":0.521484375,"w":0.05859375,"h":0.05859375},"blocks/wood/variant-17/all-sides":{"x":0.130859375,"y":0.583984375,"w":0.05859375,"h":0.05859375},"blocks/wood/variant-17/all-corners":{"x":0.130859375,"y":0.646484375,"w":0.05859375,"h":0.05859375},"blocks/wood/variant-16/top-bottom-walls":{"x":0.130859375,"y":0.708984375,"w":0.05859375,"h":0.05859375},"blocks/wood/variant-16/left-right-walls":{"x":0.130859375,"y":0.771484375,"w":0.05859375,"h":0.05859375},"blocks/wood/variant-16/all-walls":{"x":0.130859375,"y":0.833984375,"w":0.05859375,"h":0.05859375},"blocks/wood/variant-16/all-sides":{"x":0.130859375,"y":0.896484375,"w":0.05859375,"h":0.05859375},"blocks/wood/variant-16/all-corners":{"x":0.193359375,"y":0.146484375,"w":0.05859375,"h":0.05859375},"blocks/wood/variant-15/top-bottom-walls":{"x":0.255859375,"y":0.146484375,"w":0.05859375,"h":0.05859375},"blocks/wood/variant-15/left-right-walls":{"x":0.318359375,"y":0.146484375,"w":0.05859375,"h":0.05859375},"blocks/wood/variant-15/all-walls":{"x":0.380859375,"y":0.146484375,"w":0.05859375,"h":0.05859375},"blocks/wood/variant-15/all-sides":{"x":0.443359375,"y":0.146484375,"w":0.05859375,"h":0.05859375},"blocks/wood/variant-15/all-corners":{"x":0.505859375,"y":0.146484375,"w":0.05859375,"h":0.05859375},"blocks/wood/variant-14/top-bottom-walls":{"x":0.568359375,"y":0.146484375,"w":0.05859375,"h":0.05859375},"blocks/wood/variant-14/left-right-walls":{"x":0.630859375,"y":0.146484375,"w":0.05859375,"h":0.05859375},"blocks/wood/variant-14/all-walls":{"x":0.693359375,"y":0.146484375,"w":0.05859375,"h":0.05859375},"blocks/wood/variant-14/all-sides":{"x":0.755859375,"y":0.146484375,"w":0.05859375,"h":0.05859375},"blocks/wood/variant-14/all-corners":{"x":0.818359375,"y":0.146484375,"w":0.05859375,"h":0.05859375},"blocks/wood/variant-13/top-bottom-walls":{"x":0.880859375,"y":0.146484375,"w":0.05859375,"h":0.05859375},"blocks/wood/variant-13/left-right-walls":{"x":0.193359375,"y":0.208984375,"w":0.05859375,"h":0.05859375},"blocks/wood/variant-13/all-walls":{"x":0.193359375,"y":0.271484375,"w":0.05859375,"h":0.05859375},"blocks/wood/variant-13/all-sides":{"x":0.193359375,"y":0.333984375,"w":0.05859375,"h":0.05859375},