{"ui/shoot":{"x":0.0009765625,"y":0.0009765625,"w":0.078125,"h":0.078125},"ui/respawn":{"x":0.0810546875,"y":0.0009765625,"w":0.078125,"h":0.078125},"ui/reload":{"x":0.1611328125,"y":0.0009765625,"w":0.078125,"h":0.078125},"ui/mine":{"x":0.2412109375,"y":0.0009765625,"w":0.078125,"h":0.078125},"ui/chat":{"x":0.3212890625,"y":0.0009765625,"w":0.078125,"h":0.078125},"blocks/trophephngold/top-bottom-walls":{"x":0.4013671875,"y":0.0009765625,"w":0.0625,"h":0.0625},"blocks/trophephngold/left-right-walls":{"x":0.4658203125,"y":0.0009765625,"w":0.0625,"h":0.0625},"blocks/trophephngold/all-walls":{"x":0.5302734375,"y":0.0009765625,"w":0.0625,"h":0.0625},"blocks/trophephngold/all-sides":{"x":0.5947265625,"y":0.0009765625,"w":0.0625,"h":0.0625},"blocks/trophephngold/all-corners":{"x":0.6591796875,"y":0.0009765625,"w":0.0625,"h":0.0625},"blocks/stone/top-bottom-walls":{"x":0.7236328125,"y":0.0009765625,"w":0.0625,"h":0.0625},"blocks/stone/left-right-walls":{"x":0.7880859375,"y":0.0009765625,"w":0.0625,"h":0.0625},"blocks/stone/all-walls":{"x":0.8525390625,"y":0.0009765625,"w":0.0625,"h":0.0625},"blocks/stone/all-sides":{"x":0.9169921875,"y":0.0009765625,"w":0.0625,"h":0.0625},"blocks/stone/all-corners":{"x":0.0009765625,"y":0.0810546875,"w":0.0625,"h":0.0625},"blast/blast3":{"x":0.0009765625,"y":0.1455078125,"w":0.0625,"h":0.0625},"blast/blast2":{"x":0.0009765625,"y":0.2099609375,"w":0.0625,"h":0.0625},"blast/blast1":{"x":0.0009765625,"y":0.2744140625,"w":0.0625,"h":0.0625},"blocks/wood/variant-9/top-bottom-walls":{"x":0.0009765625,"y":0.3388671875,"w":0.05859375,"h":0.05859375},"blocks/wood/variant-9/left-right-walls":{"x":0.0009765625,"y":0.3994140625,"w":0.05859375,"h":0.05859375},"blocks/wood/variant-9/all-walls":{"x":0.0009765625,"y":0.4599609375,"w":0.05859375,"h":0.05859375},"blocks/wood/variant-9/all-sides":{"x":0.0009765625,"y":0.5205078125,"w":0.05859375,"h":0.05859375},"blocks/wood/variant-9/all-corners":{"x":0.0009765625,"y":0.5810546875,"w":0.05859375,"h":0.05859375},"blocks/wood/variant-8/top-bottom-walls":{"x":0.0009765625,"y":0.6416015625,"w":0.05859375,"h":0.05859375},"blocks/wood/variant-8/left-right-walls":{"x":0.0009765625,"y":0.7021484375,"w":0.05859375,"h":0.05859375},"blocks/wood/variant-8/all-walls":{"x":0.0009765625,"y":0.7626953125,"w":0.05859375,"h":0.05859375},"blocks/wood/variant-8/all-sides":{"x":0.0009765625,"y":0.8232421875,"w":0.05859375,"h":0.05859375},"blocks/wood/variant-8/all-corners":{"x":0.0009765625,"y":0.8837890625,"w":0.05859375,"h":0.05859375},"blocks/wood/variant-7/top-bottom-walls":{"x":0.0654296875,"y":0.0810546875,"w":0.05859375,"h":0.05859375},"blocks/wood/variant-7/left-right-walls":{"x":0.0654296875,"y":0.1416015625,"w":0.05859375,"h":0.05859375},"blocks/wood/variant-7/all-walls":{"x":0.0654296875,"y":0.2021484375,"w":0.05859375,"h":0.05859375},"blocks/wood/variant-7/all-sides":{"x":0.0654296875,"y":0.2626953125,"w":0.05859375,"h":0.05859375},"blocks/wood/variant-7/all-corners":{"x":0.0654296875,"y":0.3232421875,"w":0.05859375,"h":0.05859375},"blocks/wood/variant-6/top-bottom-walls":{"x":0.0654296875,"y":0.3837890625,"w":0.05859375,"h":0.05859375},"blocks/wood/variant-6/left-right-walls":{"x":0.0654296875,"y":0.4443359375,"w":0.05859375,"h":0.05859375},"blocks/wood/variant-6/all-walls":{"x":0.0654296875,"y":0.5048828125,"w":0.05859375,"h":0.05859375},"blocks/wood/variant-6/all-sides":{"x":0.0654296875,"y":0.5654296875,"w":0.05859375,"h":0.05859375},"blocks/wood/variant-6/all-corners":{"x":0.0654296875,"y":0.6259765625,"w":0.05859375,"h":0.05859375},"blocks/wood/variant-5/top-bottom-walls":{"x":0.0654296875,"y":0.6865234375,"w":0.05859375,"h":0.05859375},"blocks/wood/variant-5/left-right-walls":{"x":0.0654296875,"y":0.7470703125,"w":0.05859375,"h":0.05859375},"blocks/wood/variant-5/all-walls":{"x":0.0654296875,"y":0.8076171875,"w":0.05859375,"h":0.05859375},"blocks/wood/variant-5/all-sides":{"x":0.0654296875,"y":0.8681640625,"w":0.05859375,"h":0.05859375},"blocks/wood/variant-5/all-corners":{"x":0.0654296875,"y":0.9287109375,"w":0.05859375,"h":0.05859375},"blocks/wood/variant-4/top-bottom-walls":{"x":0.1259765625,"y":0.0810546875,"w":0.05859375,"h":0.05859375},"blocks/wood/variant-4/left-right-walls":{"x":0.1865234375,"y":0.0810546875,"w":0.05859375,"h":0.05859375},"blocks/wood/variant-4/all-walls":{"x":0.2470703125,"y":0.0810546875,"w":0.05859375,"h":0.05859375},"blocks/wood/variant-4/all-sides":{"x":0.3076171875,"y":0.0810546875,"w":0.05859375,"h":0.05859375},"blocks/wood/variant-4/all-corners":{"x":0.3681640625,"y":0.0810546875,"w":0.05859375,"h":0.05859375},"blocks/wood/variant-3/top-bottom-walls":{"x":0.4287109375,"y":0.0810546875,"w":0.05859375,"h":0.05859375},"blocks/wood/variant-3/left-right-walls":{"x":0.4892578125,"y":0.0810546875,"w":0.05859375,"h":0.05859375},"blocks/wood/variant-3/all-walls":{"x":0.5498046875,"y":0.0810546875,"w":0.05859375,"h":0.05859375},"blocks/wood/variant-3/all-sides":{"x":0.6103515625,"y":0.0810546875,"w":0.05859375,"h":0.05859375},"blocks/wood/variant-3/all-corners":{"x":0.6708984375,"y":0.0810546875,"w":0.05859375,"h":0.05859375},"blocks/wood/variant-2/top-bottom-walls":{"x":0.7314453125,"y":0.0810546875,"w":0.05859375,"h":0.05859375},"blocks/wood/variant-2/left-right-walls":{"x":0.7919921875,"y":0.0810546875,"w":0.05859375,"h":0.05859375},"blocks/wood/variant-2/all-walls":{"x":0.8525390625,"y":0.0810546875,"w":0.05859375,"h":0.05859375},"blocks/wood/variant-2/all-sides":{"x":0.9130859375,"y":0.0810546875,"w":0.05859375,"h":0.05859375},"blocks/wood/variant-2/all-corners":{"x":0.1259765625,"y":0.1416015625,"w":0.05859375,"h":0.05859375},"blocks/wood/variant-17/top-bottom-walls":{"x":0.1259765625,"y":0.2021484375,"w":0.05859375,"h":0.05859375},"blocks/wood/variant-17/left-right-walls":{"x":0.1259765625,"y":0.2626953125,"w":0.05859375,"h":0.05859375},"blocks/wood/variant-17/all-walls":{"x":0.1259765625,"y":0.3232421875,"w":0.05859375,"h":0.05859375},"blocks/wood/variant-17/all-sides":{"x":0.1259765625,"y":0.3837890625,"w":0.05859375,"h":0.05859375},"blocks/wood/variant-17/all-corners":{"x":0.1259765625,"y":0.4443359375,"w":0.05859375,"h":0.05859375},"blocks/wood/variant-16/top-bottom-walls":{"x":0.1259765625,"y":0.5048828125,"w":0.05859375,"h":0.05859375},"blocks/wood/variant-16/left-right-walls":{"x":0.1259765625,"y":0.5654296875,"w":0.05859375,"h":0.05859375},"blocks/wood/variant-16/all-walls":{"x":0.1259765625,"y":0.6259765625,"w":0.05859375,"h":0.05859375},"blocks/wood/variant-16/all-sides":{"x":0.1259765625,"y":0.6865234375,"w":0.05859375,"h":0.05859375},"blocks/wood/variant-16/all-corners":{"x":0.1259765625,"y":0.7470703125,"w":0.05859375,"h":0.05859375},"blocks/wood/variant-15/top-bottom-walls":{"x":0.1259765625,"y":0.8076171875,"w":0.05859375,"h":0.05859375},"blocks/wood/variant-15/left-right-walls":{"x":0.1259765625,"y":0.8681640625,"w":0.05859375,"h":0.05859375},"blocks/wood/variant-15/all-walls":{"x":0.1259765625,"y":0.9287109375,"w":0.05859375,"h":0.05859375},"blocks/wood/variant-15/all-sides":{"x":0.1865234375,"y":0.1416015625,"w":0.05859375,"h":0.05859375},"blocks/wood/variant-15/all-corners":{"x":0.2470703125,"y":0.1416015625,"w":0.05859375,"h":0.05859375},"blocks/wood/variant-14/top-bottom-walls":{"x":0.3076171875,"y":0.1416015625,"w":0.05859375,"h":0.05859375},"blocks/wood/variant-14/left-right-walls":{"x":0.3681640625,"y":0.1416015625,"w":0.05859375,"h":0.05859375},"blocks/wood/variant-14/all-walls":{"x":0.4287109375,"y":0.1416015625,"w":0.05859375,"h":0.05859375},"blocks/wood/variant-14/all-sides":{"x":0.4892578125,"y":0.1416015625,"w":0.05859375,"h":0.05859375},"blocks/wood/variant-14/all-corners":{"x":0.5498046875,"y":0.1416015625,"w":0.05859375,"h":0.05859375},"blocks/wood/variant-13/top-bottom-walls":{"x":0.6103515625,"y":0.1416015625,"w":0.05859375,"h":0.05859375},"blocks/wood/variant-13/left-right-walls":{"x":0.6708984375,"y":0.1416015625,"w":0.05859375,"h":0.05859375},"blocks/wood/variant-13/all-walls":{"x":0.7314453125,"y":0.1416015625,