{"ui/shoot":{"x":0.00048828125,"y":0.00048828125,"w":0.078125,"h":0.078125},"ui/respawn":{"x":0.07958984375,"y":0.00048828125,"w":0.078125,"h":0.078125},"ui/reload":{"x":0.15869140625,"y":0.00048828125,"w":0.078125,"h":0.078125},"ui/mine":{"x":0.23779296875,"y":0.00048828125,"w":0.078125,"h":0.078125},"ui/chat":{"x":0.31689453125,"y":0.00048828125,"w":0.078125,"h":0.078125},"blocks/trophephngold/top-bottom-walls":{"x":0.39599609375,"y":0.00048828125,"w":0.0625,"h":0.0625},"blocks/trophephngold/left-right-walls":{"x":0.45947265625,"y":0.00048828125,"w":0.0625,"h":0.0625},"blocks/trophephngold/all-walls":{"x":0.52294921875,"y":0.00048828125,"w":0.0625,"h":0.0625},"blocks/trophephngold/all-sides":{"x":0.58642578125,"y":0.00048828125,"w":0.0625,"h":0.0625},"blocks/trophephngold/all-corners":{"x":0.64990234375,"y":0.00048828125,"w":0.0625,"h":0.0625},"blocks/stone/top-bottom-walls":{"x":0.71337890625,"y":0.00048828125,"w":0.0625,"h":0.0625},"blocks/stone/left-right-walls":{"x":0.77685546875,"y":0.00048828125,"w":0.0625,"h":0.0625},"blocks/stone/all-walls":{"x":0.84033203125,"y":0.00048828125,"w":0.0625,"h":0.0625},"blocks/stone/all-sides":{"x":0.90380859375,"y":0.00048828125,"w":0.0625,"h":0.0625},"blocks/stone/all-corners":{"x":0.00048828125,"y":0.07958984375,"w":0.0625,"h":0.0625},"blast/blast3":{"x":0.00048828125,"y":0.14306640625,"w":0.0625,"h":0.0625},"blast/blast2":{"x":0.00048828125,"y":0.20654296875,"w":0.0625,"h":0.0625},"blast/blast1":{"x":0.00048828125,"y":0.27001953125,"w":0.0625,"h":0.0625},"blocks/wood/variant-9/top-bottom-walls":{"x":0.00048828125,"y":0.33349609375,"w":0.05859375,"h":0.05859375},"blocks/wood/variant-9/left-right-walls":{"x":0.00048828125,"y":0.39306640625,"w":0.05859375,"h":0.05859375},"blocks/wood/variant-9/all-walls":{"x":0.00048828125,"y":0.45263671875,"w":0.05859375,"h":0.05859375},"blocks/wood/variant-9/all-sides":{"x":0.00048828125,"y":0.51220703125,"w":0.05859375,"h":0.05859375},"blocks/wood/variant-9/all-corners":{"x":0.00048828125,"y":0.57177734375,"w":0.05859375,"h":0.05859375},"blocks/wood/variant-8/top-bottom-walls":{"x":0.00048828125,"y":0.63134765625,"w":0.05859375,"h":0.05859375},"blocks/wood/variant-8/left-right-walls":{"x":0.00048828125,"y":0.69091796875,"w":0.05859375,"h":0.05859375},"blocks/wood/variant-8/all-walls":{"x":0.00048828125,"y":0.75048828125,"w":0.05859375,"h":0.05859375},"blocks/wood/variant-8/all-sides":{"x":0.00048828125,"y":0.81005859375,"w":0.05859375,"h":0.05859375},"blocks/wood/variant-8/all-corners":{"x":0.00048828125,"y":0.86962890625,"w":0.05859375,"h":0.05859375},"blocks/wood/variant-7/top-bottom-walls":{"x":0.00048828125,"y":0.92919921875,"w":0.05859375,"h":0.05859375},"blocks/wood/variant-7/left-right-walls":{"x":0.06396484375,"y":0.07958984375,"w":0.05859375,"h":0.05859375},"blocks/wood/variant-7/all-walls":{"x":0.06396484375,"y":0.13916015625,"w":0.05859375,"h":0.05859375},"blocks/wood/variant-7/all-sides":{"x":0.06396484375,"y":0.19873046875,"w":0.05859375,"h":0.05859375},"blocks/wood/variant-7/all-corners":{"x":0.06396484375,"y":0.25830078125,"w":0.05859375,"h":0.05859375},"blocks/wood/variant-6/top-bottom-walls":{"x":0.06396484375,"y":0.31787109375,"w":0.05859375,"h":0.05859375},"blocks/wood/variant-6/left-right-walls":{"x":0.06396484375,"y":0.37744140625,"w":0.05859375,"h":0.05859375},"blocks/wood/variant-6/all-walls":{"x":0.06396484375,"y":0.43701171875,"w":0.05859375,"h":0.05859375},"blocks/wood/variant-6/all-sides":{"x":0.06396484375,"y":0.49658203125,"w":0.05859375,"h":0.05859375},"blocks/wood/variant-6/all-corners":{"x":0.06396484375,"y":0.55615234375,"w":0.05859375,"h":0.05859375},"blocks/wood/variant-5/top-bottom-walls":{"x":0.06396484375,"y":0.61572265625,"w":0.05859375,"h":0.05859375},"blocks/wood/variant-5/left-right-walls":{"x":0.06396484375,"y":0.67529296875,"w":0.05859375,"h":0.05859375},"blocks/wood/variant-5/all-walls":{"x":0.06396484375,"y":0.73486328125,"w":0.05859375,"h":0.05859375},"blocks/wood/variant-5/all-sides":{"x":0.06396484375,"y":0.79443359375,"w":0.05859375,"h":0.05859375},"blocks/wood/variant-5/all-corners":{"x":0.06396484375,"y":0.85400390625,"w":0.05859375,"h":0.05859375},"blocks/wood/variant-4/top-bottom-walls":{"x":0.06396484375,"y":0.91357421875,"w":0.05859375,"h":0.05859375},"blocks/wood/variant-4/left-right-walls":{"x":0.12353515625,"y":0.07958984375,"w":0.05859375,"h":0.05859375},"blocks/wood/variant-4/all-walls":{"x":0.18310546875,"y":0.07958984375,"w":0.05859375,"h":0.05859375},"blocks/wood/variant-4/all-sides":{"x":0.24267578125,"y":0.07958984375,"w":0.05859375,"h":0.05859375},"blocks/wood/variant-4/all-corners":{"x":0.30224609375,"y":0.07958984375,"w":0.05859375,"h":0.05859375},"blocks/wood/variant-3/top-bottom-walls":{"x":0.36181640625,"y":0.07958984375,"w":0.05859375,"h":0.05859375},"blocks/wood/variant-3/left-right-walls":{"x":0.42138671875,"y":0.07958984375,"w":0.05859375,"h":0.05859375},"blocks/wood/variant-3/all-walls":{"x":0.48095703125,"y":0.07958984375,"w":0.05859375,"h":0.05859375},"blocks/wood/variant-3/all-sides":{"x":0.54052734375,"y":0.07958984375,"w":0.05859375,"h":0.05859375},"blocks/wood/variant-3/all-corners":{"x":0.60009765625,"y":0.07958984375,"w":0.05859375,"h":0.05859375},"blocks/wood/variant-2/top-bottom-walls":{"x":0.65966796875,"y":0.07958984375,"w":0.05859375,"h":0.05859375},"blocks/wood/variant-2/left-right-walls":{"x":0.71923828125,"y":0.07958984375,"w":0.05859375,"h":0.05859375},"blocks/wood/variant-2/all-walls":{"x":0.77880859375,"y":0.07958984375,"w":0.05859375,"h":0.05859375},"blocks/wood/variant-2/all-sides":{"x":0.83837890625,"y":0.07958984375,"w":0.05859375,"h":0.05859375},"blocks/wood/variant-2/all-corners":{"x":0.89794921875,"y":0.07958984375,"w":0.05859375,"h":0.05859375},"blocks/wood/variant-17/top-bottom-walls":{"x":0.12353515625,"y":0.13916015625,"w":0.05859375,"h":0.05859375},"blocks/wood/variant-17/left-right-walls":{"x":0.12353515625,"y":0.19873046875,"w":0.05859375,"h":0.05859375},"blocks/wood/variant-17/all-walls":{"x":0.12353515625,"y":0.25830078125,"w":0.05859375,"h":0.05859375},"blocks/wood/variant-17/all-sides":{"x":0.12353515625,"y":0.31787109375,"w":0.05859375,"h":0.05859375},"blocks/wood/variant-17/all-corners":{"x":0.12353515625,"y":0.37744140625,"w":0.05859375,"h":0.05859375},"blocks/wood/variant-16/top-bottom-walls":{"x":0.12353515625,"y":0.43701171875,"w":0.05859375,"h":0.05859375},"blocks/wood/variant-16/left-right-walls":{"x":0.12353515625,"y":0.49658203125,"w":0.05859375,"h":0.05859375},"blocks/wood/variant-16/all-walls":{"x":0.12353515625,"y":0.55615234375,"w":0.05859375,"h":0.05859375},"blocks/wood/variant-16/all-sides":{"x":0.12353515625,"y":0.61572265625,"w":0.05859375,"h":0.05859375},"blocks/wood/variant-16/all-corners":{"x":0.12353515625,"y":0.67529296875,"w":0.05859375,"h":0.05859375},"blocks/wood/variant-15/top-bottom-walls":{"x":0.12353515625,"y":0.73486328125,"w":0.05859375,"h":0.05859375},"blocks/wood/variant-15/left-right-walls":{"x":0.12353515625,"y":0.79443359375,"w":0.05859375,"h":0.05859375},"blocks/wood/variant-15/all-walls":{"x":0.12353515625,"y":0.85400390625,"w":0.05859375,"h":0.05859375},"blocks/wood/variant-15/all-sides":{"x":0.12353515625,"y":0.91357421875,"w":0.05859375,"h":0.05859375},"blocks/wood/variant-15/all-corners":{"x":0.18310546875,"y":0.13916015625,"w":0.05859375,"h":0.05859375},"blocks/wood/variant-14/top-bottom-walls":{"x":0.24267578125,"y":0.13916015625,"w":0.05859375,"h":0.05859375},"blocks/wood/variant-14/left-right-walls":{"x":0.30224609375,"y":0.13916015625,"w":0.05859375,"h":0.05859375},"blocks/wood/variant-14/all-walls":{"x":0.36181640625,"y":0.13916015625,"w":0.05859375,"h":0.05859375},"blocks/wood/variant-14/all-sides":{"x":0.42138671875,"y":0.13916015625,"w":0.05859375,"h":0.05859375},"blocks/wood/variant-14/all-corners":{"x":0.48095703125,"y":0.13916015625,"w":0.05859375,"h":0.05859375},"blocks/wood/variant-13/top-bottom-walls":{"x":0.54052734375,"y":0.13916015625,"w":0.05859375,"h":0.05859375},