{"ui/shoot":{"x":0.00390625,"y":0.00390625,"w":0.078125,"h":0.078125},"ui/respawn":{"x":0.08984375,"y":0.00390625,"w":0.078125,"h":0.078125},"ui/reload":{"x":0.17578125,"y":0.00390625,"w":0.078125,"h":0.078125},"ui/mine":{"x":0.26171875,"y":0.00390625,"w":0.078125,"h":0.078125},"ui/chat":{"x":0.34765625,"y":0.00390625,"w":0.078125,"h":0.078125},"blocks/trophephngold/top-bottom-walls":{"x":0.43359375,"y":0.00390625,"w":0.0625,"h":0.0625},"blocks/trophephngold/left-right-walls":{"x":0.50390625,"y":0.00390625,"w":0.0625,"h":0.0625},"blocks/trophephngold/all-walls":{"x":0.57421875,"y":0.00390625,"w":0.0625,"h":0.0625},"blocks/trophephngold/all-sides":{"x":0.64453125,"y":0.00390625,"w":0.0625,"h":0.0625},"blocks/trophephngold/all-corners":{"x":0.71484375,"y":0.00390625,"w":0.0625,"h":0.0625},"blocks/stone/top-bottom-walls":{"x":0.78515625,"y":0.00390625,"w":0.0625,"h":0.0625},"blocks/stone/left-right-walls":{"x":0.85546875,"y":0.00390625,"w":0.0625,"h":0.0625},"blocks/stone/all-walls":{"x":0.92578125,"y":0.00390625,"w":0.0625,"h":0.0625},"blocks/stone/all-sides":{"x":0.00390625,"y":0.08984375,"w":0.0625,"h":0.0625},"blocks/stone/all-corners":{"x":0.00390625,"y":0.16015625,"w":0.0625,"h":0.0625},"blast/blast3":{"x":0.00390625,"y":0.23046875,"w":0.0625,"h":0.0625},"blast/blast2":{"x":0.00390625,"y":0.30078125,"w":0.0625,"h":0.0625},"blast/blast1":{"x":0.00390625,"y":0.37109375,"w":0.0625,"h":0.0625},"blocks/wood/variant-9/top-bottom-walls":{"x":0.00390625,"y":0.44140625,"w":0.05859375,"h":0.05859375},"blocks/wood/variant-9/left-right-walls":{"x":0.00390625,"y":0.5078125,"w":0.05859375,"h":0.05859375},"blocks/wood/variant-9/all-walls":{"x":0.00390625,"y":0.57421875,"w":0.05859375,"h":0.05859375},"blocks/wood/variant-9/all-sides":{"x":0.00390625,"y":0.640625,"w":0.05859375,"h":0.05859375},"blocks/wood/variant-9/all-corners":{"x":0.00390625,"y":0.70703125,"w":0.05859375,"h":0.05859375},"blocks/wood/variant-8/top-bottom-walls":{"x":0.00390625,"y":0.7734375,"w":0.05859375,"h":0.05859375},"blocks/wood/variant-8/left-right-walls":{"x":0.00390625,"y":0.83984375,"w":0.05859375,"h":0.05859375},"blocks/wood/variant-8/all-walls":{"x":0.00390625,"y":0.90625,"w":0.05859375,"h":0.05859375},"blocks/wood/variant-8/all-sides":{"x":0.07421875,"y":0.08984375,"w":0.05859375,"h":0.05859375},"blocks/wood/variant-8/all-corners":{"x":0.07421875,"y":0.15625,"w":0.05859375,"h":0.05859375},"blocks/wood/variant-7/top-bottom-walls":{"x":0.07421875,"y":0.22265625,"w":0.05859375,"h":0.05859375},"blocks/wood/variant-7/left-right-walls":{"x":0.07421875,"y":0.2890625,"w":0.05859375,"h":0.05859375},"blocks/wood/variant-7/all-walls":{"x":0.07421875,"y":0.35546875,"w":0.05859375,"h":0.05859375},"blocks/wood/variant-7/all-sides":{"x":0.07421875,"y":0.421875,"w":0.05859375,"h":0.05859375},"blocks/wood/variant-7/all-corners":{"x":0.07421875,"y":0.48828125,"w":0.05859375,"h":0.05859375},"blocks/wood/variant-6/top-bottom-walls":{"x":0.07421875,"y":0.5546875,"w":0.05859375,"h":0.05859375},"blocks/wood/variant-6/left-right-walls":{"x":0.07421875,"y":0.62109375,"w":0.05859375,"h":0.05859375},"blocks/wood/variant-6/all-walls":{"x":0.07421875,"y":0.6875,"w":0.05859375,"h":0.05859375},"blocks/wood/variant-6/all-sides":{"x":0.07421875,"y":0.75390625,"w":0.05859375,"h":0.05859375},"blocks/wood/variant-6/all-corners":{"x":0.07421875,"y":0.8203125,"w":0.05859375,"h":0.05859375},"blocks/wood/variant-5/top-bottom-walls":{"x":0.07421875,"y":0.88671875,"w":0.05859375,"h":0.05859375},"blocks/wood/variant-5/left-right-walls":{"x":0.140625,"y":0.08984375,"w":0.05859375,"h":0.05859375},"blocks/wood/variant-5/all-walls":{"x":0.20703125,"y":0.08984375,"w":0.05859375,"h":0.05859375},"blocks/wood/variant-5/all-sides":{"x":0.2734375,"y":0.08984375,"w":0.05859375,"h":0.05859375},"blocks/wood/variant-5/all-corners":{"x":0.33984375,"y":0.08984375,"w":0.05859375,"h":0.05859375},"blocks/wood/variant-4/top-bottom-walls":{"x":0.40625,"y":0.08984375,"w":0.05859375,"h":0.05859375},"blocks/wood/variant-4/left-right-walls":{"x":0.47265625,"y":0.08984375,"w":0.05859375,"h":0.05859375},"blocks/wood/variant-4/all-walls":{"x":0.5390625,"y":0.08984375,"w":0.05859375,"h":0.05859375},"blocks/wood/variant-4/all-sides":{"x":0.60546875,"y":0.08984375,"w":0.05859375,"h":0.05859375},"blocks/wood/variant-4/all-corners":{"x":0.671875,"y":0.08984375,"w":0.05859375,"h":0.05859375},"blocks/wood/variant-3/top-bottom-walls":{"x":0.73828125,"y":0.08984375,"w":0.05859375,"h":0.05859375},"blocks/wood/variant-3/left-right-walls":{"x":0.8046875,"y":0.08984375,"w":0.05859375,"h":0.05859375},"blocks/wood/variant-3/all-walls":{"x":0.87109375,"y":0.08984375,"w":0.05859375,"h":0.05859375},"blocks/wood/variant-3/all-sides":{"x":0.9375,"y":0.08984375,"w":0.05859375,"h":0.05859375},"blocks/wood/variant-3/all-corners":{"x":0.140625,"y":0.15625,"w":0.05859375,"h":0.05859375},"blocks/wood/variant-2/top-bottom-walls":{"x":0.140625,"y":0.22265625,"w":0.05859375,"h":0.05859375},"blocks/wood/variant-2/left-right-walls":{"x":0.140625,"y":0.2890625,"w":0.05859375,"h":0.05859375},"blocks/wood/variant-2/all-walls":{"x":0.140625,"y":0.35546875,"w":0.05859375,"h":0.05859375},"blocks/wood/variant-2/all-sides":{"x":0.140625,"y":0.421875,"w":0.05859375,"h":0.05859375},"blocks/wood/variant-2/all-corners":{"x":0.140625,"y":0.48828125,"w":0.05859375,"h":0.05859375},"blocks/wood/variant-17/top-bottom-walls":{"x":0.140625,"y":0.5546875,"w":0.05859375,"h":0.05859375},"blocks/wood/variant-17/left-right-walls":{"x":0.140625,"y":0.62109375,"w":0.05859375,"h":0.05859375},"blocks/wood/variant-17/all-walls":{"x":0.140625,"y":0.6875,"w":0.05859375,"h":0.05859375},"blocks/wood/variant-17/all-sides":{"x":0.140625,"y":0.75390625,"w":0.05859375,"h":0.05859375},"blocks/wood/variant-17/all-corners":{"x":0.140625,"y":0.8203125,"w":0.05859375,"h":0.05859375},"blocks/wood/variant-16/top-bottom-walls":{"x":0.140625,"y":0.88671875,"w":0.05859375,"h":0.05859375},"blocks/wood/variant-16/left-right-walls":{"x":0.20703125,"y":0.15625,"w":0.05859375,"h":0.05859375},"blocks/wood/variant-16/all-walls":{"x":0.2734375,"y":0.15625,"w":0.05859375,"h":0.05859375},"blocks/wood/variant-16/all-sides":{"x":0.33984375,"y":0.15625,"w":0.05859375,"h":0.05859375},"blocks/wood/variant-16/all-corners":{"x":0.40625,"y":0.15625,"w":0.05859375,"h":0.05859375},"blocks/wood/variant-15/top-bottom-walls":{"x":0.47265625,"y":0.15625,"w":0.05859375,"h":0.05859375},"blocks/wood/variant-15/left-right-walls":{"x":0.5390625,"y":0.15625,"w":0.05859375,"h":0.05859375},"blocks/wood/variant-15/all-walls":{"x":0.60546875,"y":0.15625,"w":0.05859375,"h":0.05859375},"blocks/wood/variant-15/all-sides":{"x":0.671875,"y":0.15625,"w":0.05859375,"h":0.05859375},"blocks/wood/variant-15/all-corners":{"x":0.73828125,"y":0.15625,"w":0.05859375,"h":0.05859375},"blocks/wood/variant-14/top-bottom-walls":{"x":0.8046875,"y":0.15625,"w":0.05859375,"h":0.05859375},"blocks/wood/variant-14/left-right-walls":{"x":0.87109375,"y":0.15625,"w":0.05859375,"h":0.05859375},"blocks/wood/variant-14/all-walls":{"x":0.9375,"y":0.15625,"w":0.05859375,"h":0.05859375},"blocks/wood/variant-14/all-sides":{"x":0.20703125,"y":0.22265625,"w":0.05859375,"h":0.05859375},"blocks/wood/variant-14/all-corners":{"x":0.20703125,"y":0.2890625,"w":0.05859375,"h":0.05859375},"blocks/wood/variant-13/top-bottom-walls":{"x":0.20703125,"y":0.35546875,"w":0.05859375,"h":0.05859375},"blocks/wood/variant-13/left-right-walls":{"x":0.20703125,"y":0.421875,"w":0.05859375,"h":0.05859375},"blocks/wood/variant-13/all-walls":{"x":0.20703125,"y":0.48828125,"w":0.05859375,"h":0.05859375},"blocks/wood/variant-13/all-sides":{"x":0.20703125,"y":0.5546875,"w":0.05859375,"h":0.05859375},"blocks/wood/variant-13/all-corners":{"x":0.20703125,"y":0.62109375,"w":0.05859375,"h":0.05859375},"blocks/wood/variant-12/top-bottom-walls":{"x":0.20703125,"y":0.6875,"w":0.05859375,"h":0.05859375},"blocks/wood/variant-12/left-right-walls":{"x":0.20703125,"y":0.75390625,"w":0.05859375,"h":0.05859375},